{"cameraMode":{"drawMode":0,"name":"Shaded","section":"Shading Mode"},"sceneLighting":false,"audioPlay":false,"sceneViewState":{"m_AlwaysRefresh":false,"showFog":true,"showSkybox":false,"showFlares":true,"showImageEffects":true,"showParticleSystems":true,"showVisualEffectGraphs":true,"m_FxEnabled":true},"in2DMode":false,"pivot":{"x":7.152145862579346,"y":2.0519447326660158,"z":-1.4312949180603028},"rotation":{"x":-0.27168312668800356,"y":-0.21231158077716828,"z":0.06158094108104706,"w":-0.9366551041603088},"size":1.1367542743682862,"orthographic":false}