{"cameraMode":{"drawMode":0,"name":"Shaded","section":"Shading Mode"},"sceneLighting":false,"audioPlay":false,"sceneViewState":{"m_AlwaysRefresh":false,"showFog":true,"showSkybox":false,"showFlares":true,"showImageEffects":true,"showParticleSystems":true,"showVisualEffectGraphs":true,"m_FxEnabled":true},"in2DMode":false,"pivot":{"x":12.41313362121582,"y":1.0564610958099366,"z":-0.4094630181789398},"rotation":{"x":-0.2568966746330261,"y":-0.0008730723639018834,"z":0.00023070329916663468,"w":-0.9664397239685059},"size":2.7582600116729738,"orthographic":false}